,it,mse
0,0,0.0453668243533774
1,1,0.044833647935003385
2,2,0.04434977269505633
3,3,0.04390749265507749
4,4,0.04359186256508701
5,5,0.04339432039908752
6,6,0.043267888536339026
7,7,0.04317461405626687
8,8,0.04309406253469336
9,9,0.043018370880570665
