,it,mse
0,0,0.047094436255447375
1,1,0.04637549242205433
2,2,0.045968799440794156
3,3,0.04570735290081076
4,4,0.04552183837807684
5,5,0.04537685739464123
6,6,0.04525303571196306
7,7,0.045139389151893
8,8,0.04502960783117036
9,9,0.04492011115155033
