,it,mse
0,0,0.04729765543349956
1,1,0.04648223509667042
2,2,0.046003946372784515
3,3,0.04568510744080143
4,4,0.04556426488675656
5,5,0.045560667848813914
6,6,0.04556765995066683
7,7,0.04556253758698958
8,8,0.0455512026372717
9,9,0.04553859548399776
