,it,mse
0,0,0.045186764427660835
1,1,0.04513180380459612
2,2,0.045160818100130624
3,3,0.04517701337647163
4,4,0.04518441162258798
5,5,0.04518837289726103
6,6,0.04519092383711155
7,7,0.045192718567492976
8,8,0.045193975628087774
9,9,0.04519478793074693
