,it,mse
0,0,0.045049956910774416
1,1,0.04499721928868173
2,2,0.044951950188034294
3,3,0.04487830413705993
4,4,0.04475562874831287
5,5,0.04456691829525441
6,6,0.0443632277825017
7,7,0.04422053958188535
8,8,0.0441169740821172
9,9,0.04402718948583524
