,it,mse
0,0,0.049202378215174584
1,1,0.04855834404886036
2,2,0.04805087831989576
3,3,0.047606664073344615
4,4,0.04720664717208337
5,5,0.046840105122685716
6,6,0.04650225964153049
7,7,0.04619231931013843
8,8,0.04591097925035432
9,9,0.045658546007951176
