,it,mse
0,0,1.1577570376435142
1,1,0.04512364785146635
2,2,0.04512364785146635
3,3,0.04512364785146635
4,4,0.043384868338648776
5,5,0.043384868338648776
6,6,0.043384868338648776
7,7,0.043384868338648776
8,8,0.043384868338648776
9,9,0.043384868338648776
